;Tweet;sentimen;step01;tokens;final_tokens;step02;ProcessedText
0;Akhirnya ktemu minyak yg ampuh ilngin gatal gigitan nyamuk setan dsiniğŸ˜. Gara2 temen kasi coba tadi. Wahhh langsungâ€¦ https://t.co/ooybu2KB35;0;akhirnya ktemu minyak yg ampuh ilngin gatal gigitan nyamuk setan dsini gara2 temen kasi coba tadi wahhh langsung coooybu2kb35;['akhirnya', 'ktemu', 'minyak', 'yg', 'ampuh', 'ilngin', 'gatal', 'gigitan', 'nyamuk', 'setan', 'dsini', 'gara2', 'temen', 'kasi', 'coba', 'tadi', 'wahhh', 'langsung', 'coooybu2kb35'];['akhirnya', 'ketemu', 'minyak', 'yang', 'ampuh', 'ilngin', 'gatal', 'gigitan', 'nyamuk', 'setan', 'dsini', 'gara2', 'teman', 'kasih', 'coba', 'tadi', 'wahhh', 'langsung', 'coooybu2kb35'];akhirnya ketemu minyak yang ampuh ilngin gatal gigitan nyamuk setan dsini gara2 teman kasih coba tadi wahhh langsung coooybu2kb35;akhir ketemu minyak ampuh ilngin gatal gigit nyamuk setan dsini gara2 teman kasih coba tadi wahhh langsung coooybu2kb35
1;"RT @sahabatganjarid: Tampil Gagah sekaligus menambah percaya diri kamu dengan kemeja warna army dari Sahabat Ganjar.

Segera beli melalui Sâ€¦";0;rt user tampil gagah sekaligus menambah percaya diri kamu dengan kemeja warna army dari sahabat ganjar segera beli melalui;['rt', 'user', 'tampil', 'gagah', 'sekaligus', 'menambah', 'percaya', 'diri', 'kamu', 'dengan', 'kemeja', 'warna', 'army', 'dari', 'sahabat', 'ganjar', 'segera', 'beli', 'melalui'];['rt', 'user', 'tampil', 'gagah', 'sekaligus', 'menambah', 'percaya', 'diri', 'kamu', 'dengan', 'kemeja', 'warna', 'army', 'dari', 'sahabat', 'ganjar', 'segera', 'beli', 'melalui'];rt user tampil gagah sekaligus menambah percaya diri kamu dengan kemeja warna army dari sahabat ganjar segera beli melalui;rt user tampil gagah sekaligus tambah percaya diri kamu kemeja warna army sahabat ganjar segera beli lalu
2;RT @nadilawantari_: [NEWS] Hari ini Nadila Wantari akan Live di Aplikasi Tokopedia, untuk berbincang-bincang dan juga akan menyanyikan bebeâ€¦;1;rt user news hari ini nadila wantari akan live di aplikasi tokopedia untuk berbincang bincang dan juga akan menyanyikan bebe;['rt', 'user', 'news', 'hari', 'ini', 'nadila', 'wantari', 'akan', 'live', 'di', 'aplikasi', 'tokopedia', 'untuk', 'berbincang', 'bincang', 'dan', 'juga', 'akan', 'menyanyikan', 'bebe'];['rt', 'user', 'news', 'hari', 'ini', 'nadila', 'wantari', 'akan', 'live', 'di', 'aplikasi', 'tokopedia', 'untuk', 'berbincang', 'bincang', 'dan', 'juga', 'akan', 'menyanyikan', 'bebe'];rt user news hari ini nadila wantari akan live di aplikasi tokopedia untuk berbincang bincang dan juga akan menyanyikan bebe;rt user news hari nadila wantari live aplikasi tokopedia bincang bincang juga nyanyi bebe
3;https://t.co/9uB8DiysT6 Cek harga grosir gulaku;0;co9ub8diyst6 cek harga grosir gulaku;['co9ub8diyst6', 'cek', 'harga', 'grosir', 'gulaku'];['co9ub8diyst6', 'cek', 'harga', 'grosir', 'gulaku'];co9ub8diyst6 cek harga grosir gulaku;co9ub8diyst6 cek harga grosir gula
4;https://t.co/gyzEK2PMUz https://t.co/B8QSt5Htjg qanun kabupaten aceh tengah nomor 4 tahun 2011;0;cogyzek time uz cob8qst5htjg qanun kabupaten aceh tengah nomor number tahun number;['cogyzek', 'time', 'uz', 'cob8qst5htjg', 'qanun', 'kabupaten', 'aceh', 'tengah', 'nomor', 'number', 'tahun', 'number'];['cogyzek', 'time', 'uz', 'cob8qst5htjg', 'qanun', 'kabupaten', 'aceh', 'tengah', 'nomor', 'number', 'tahun', 'number'];cogyzek time uz cob8qst5htjg qanun kabupaten aceh tengah nomor number tahun number;cogyzek time uz cob8qst5htjg qanun kabupaten aceh tengah nomor number tahun number
5;Ikut aku kejar hadiah dengan total nilai puluhan juta Rupiah lewat Panen Telur, yuk! Klik di sini:â€¦ https://t.co/xjba2TcxMe;0;ikut aku kejar hadiah dengan total nilai puluhan juta rupiah lewat panen telur yuk klik di sini coxjba2tcxme;['ikut', 'aku', 'kejar', 'hadiah', 'dengan', 'total', 'nilai', 'puluhan', 'juta', 'rupiah', 'lewat', 'panen', 'telur', 'yuk', 'klik', 'di', 'sini', 'coxjba2tcxme'];['ikut', 'aku', 'kejar', 'hadiah', 'dengan', 'total', 'nilai', 'puluhan', 'juta', 'rupiah', 'lewat', 'panen', 'telur', 'ayo', 'klik', 'di', 'sini', 'coxjba2tcxme'];ikut aku kejar hadiah dengan total nilai puluhan juta rupiah lewat panen telur ayo klik di sini coxjba2tcxme;ikut aku kejar hadiah total nilai puluh juta rupiah lewat panen telur ayo klik sini coxjba2tcxme
6;@twayboo_ @ohmybeautybank Ini nder link tokpednya yg butuh https://t.co/yEf2o9jY1M;0;user user ini nder link tokpednya yg butuh coyef2o9jy1m;['user', 'user', 'ini', 'nder', 'link', 'tokpednya', 'yg', 'butuh', 'coyef2o9jy1m'];['user', 'user', 'ini', 'nder', 'link', 'tokpednya', 'yang', 'butuh', 'coyef2o9jy1m'];user user ini nder link tokpednya yang butuh coyef2o9jy1m;user user nder link tokpednya butuh coyef2o9jy1m
7;"RT @Lenspp: âœ¨Produk Ampuh Untuk Bekas Lukaâœ¨

1 Serum badan Musk thahara
ğŸ–‡https://t.co/o8Qqcv6gHt

2 Vaseline gluta hya
ğŸ–‡https://t.co/YzcACCâ€¦";0;rt user produk ampuh untuk bekas luka number serum badan musk thahara coo8qqcv6ght number vaseline gluta hya coyzcacc;['rt', 'user', 'produk', 'ampuh', 'untuk', 'bekas', 'luka', 'number', 'serum', 'badan', 'musk', 'thahara', 'coo8qqcv6ght', 'number', 'vaseline', 'gluta', 'hya', 'coyzcacc'];['rt', 'user', 'produk', 'ampuh', 'untuk', 'bekas', 'luka', 'number', 'serum', 'badan', 'musk', 'thahara', 'coo8qqcv6ght', 'number', 'vaseline', 'gluta', 'hya', 'coyzcacc'];rt user produk ampuh untuk bekas luka number serum badan musk thahara coo8qqcv6ght number vaseline gluta hya coyzcacc;rt user produk ampuh bekas luka number serum badan musk thahara coo8qqcv6ght number vaseline gluta hya coyzcacc
8;"Semakin mudah belanja produk Iklilah Shop di Tokopedia. Cek aja, pasti ada yang kamu suka
https://t.co/2sprhGypXV https://t.co/Hgiz3PKAi1";0;semakin mudah belanja produk iklilah shop di tokopedia cek aja pasti ada yang kamu suka co2sprhgypxv cohgiz3pkai1;['semakin', 'mudah', 'belanja', 'produk', 'iklilah', 'shop', 'di', 'tokopedia', 'cek', 'aja', 'pasti', 'ada', 'yang', 'kamu', 'suka', 'co2sprhgypxv', 'cohgiz3pkai1'];['semakin', 'mudah', 'belanja', 'produk', 'iklilah', 'shop', 'di', 'tokopedia', 'cek', 'saja', 'pasti', 'ada', 'yang', 'kamu', 'suka', 'co2sprhgypxv', 'cohgiz3pkai1'];semakin mudah belanja produk iklilah shop di tokopedia cek saja pasti ada yang kamu suka co2sprhgypxv cohgiz3pkai1;makin mudah belanja produk iklilah shop tokopedia cek pasti yang kamu suka co2sprhgypxv cohgiz3pkai1
9;"RT @jayparkgf9: ğŸŒ· rekomendasi sling bag wanita ğŸŒ·

1. https://t.co/a6zK56bKkp
2. https://t.co/fIAaQI04O1
3. https://t.co/vhsW91BMMN
4. httpsâ€¦";0;rt user rekomendasi sling bag wanita number coa6zk56bkkp number cofiaaqi04o1 number covhsw91bmmn number https;['rt', 'user', 'rekomendasi', 'sling', 'bag', 'wanita', 'number', 'coa6zk56bkkp', 'number', 'cofiaaqi04o1', 'number', 'covhsw91bmmn', 'number', 'https'];['rt', 'user', 'rekomendasi', 'sling', 'bag', 'wanita', 'number', 'coa6zk56bkkp', 'number', 'cofiaaqi04o1', 'number', 'covhsw91bmmn', 'number', 'https'];rt user rekomendasi sling bag wanita number coa6zk56bkkp number cofiaaqi04o1 number covhsw91bmmn number https;rt user rekomendasi sling bag wanita number coa6zk56bkkp number cofiaaqi04o1 number covhsw91bmmn number https
10;"RT @akusayangdk: Hai MYğŸ‘‹ğŸ¼
Siapa nih yg cari aebong? Yuk bisa cek disini stoknya ready &amp; official ya buruan sebelum habis!
1 https://t.co/S9â€¦";1;rt user hai my siapa nih yg cari aebong yuk bisa cek disini stoknya ready official ya buruan sebelum habis number cos9;['rt', 'user', 'hai', 'my', 'siapa', 'nih', 'yg', 'cari', 'aebong', 'yuk', 'bisa', 'cek', 'disini', 'stoknya', 'ready', 'official', 'ya', 'buruan', 'sebelum', 'habis', 'number', 'cos9'];['rt', 'user', 'hai', 'my', 'siapa', 'ini', 'yang', 'cari', 'aebong', 'ayo', 'bisa', 'cek', 'disini', 'stoknya', 'ready', 'official', 'iya', 'buruan', 'sebelum', 'habis', 'number', 'cos9'];rt user hai my siapa ini yang cari aebong ayo bisa cek disini stoknya ready official iya buruan sebelum habis number cos9;rt user hai my siapa yang cari aebong ayo cek sini stok ready official iya buru habis number cos9
11;Gagal terus mau beli pulsa, mana promo nya gak balik lagi. ini gimana sih min kayak gak niat ngasi promo lu!!! Bikiâ€¦ https://t.co/fixC6dvSra;0;gagal terus mau beli pulsa mana promo nya gak balik lagi ini gimana sih min kayak gak niat ngasi promo lu biki cofixc6dvsra;['gagal', 'terus', 'mau', 'beli', 'pulsa', 'mana', 'promo', 'nya', 'gak', 'balik', 'lagi', 'ini', 'gimana', 'sih', 'min', 'kayak', 'gak', 'niat', 'ngasi', 'promo', 'lu', 'biki', 'cofixc6dvsra'];['gagal', 'terus', 'mau', 'beli', 'pulsa', 'mana', 'promo', 'nya', 'tidak', 'balik', 'lagi', 'ini', 'bagaimana', 'sih', 'min', 'kayak', 'tidak', 'niat', 'memberi', 'promo', 'kamu', 'biki', 'cofixc6dvsra'];gagal terus mau beli pulsa mana promo nya tidak balik lagi ini bagaimana sih min kayak tidak niat memberi promo kamu biki cofixc6dvsra;gagal terus mau beli pulsa mana promo nya balik ini bagaimana sih min kayak niat beri promo kamu bik cofixc6dvsra
12;@TokopediaCare Dapet uang 100k buat belanja di @tokopedia;0;user dapet uang 1 0 0 buat belanja di user;['user', 'dapet', 'uang', '1', '0', '0', 'buat', 'belanja', 'di', 'user'];['user', 'mendapat', 'uang', '1', '0', '0', 'buat', 'belanja', 'di', 'user'];user mendapat uang 1 0 0 buat belanja di user;user dapat uang 1 0 0 buat belanja user
13;@ohmybeautybank Parfume dr miniso doang sih nder murah 50 rebuan https://t.co/6UM0wiurOb https://t.co/Z6FqjIOASp;0;user parfume dr miniso doang sih nder murah number rebuan co6um0wiurob coz6fqjioasp;['user', 'parfume', 'dr', 'miniso', 'doang', 'sih', 'nder', 'murah', 'number', 'rebuan', 'co6um0wiurob', 'coz6fqjioasp'];['user', 'parfume', 'dari', 'miniso', 'saja', 'sih', 'nder', 'murah', 'number', 'rebuan', 'co6um0wiurob', 'coz6fqjioasp'];user parfume dari miniso saja sih nder murah number rebuan co6um0wiurob coz6fqjioasp;user parfume miniso sih nder murah number rebu co6um0wiurob coz6fqjioasp
14;"@majeliskucing Kok nggak ditolongin ?
https://t.co/qJiEu47J6c";0;user kok nggak ditolongin coqjieu47j6c;['user', 'kok', 'nggak', 'ditolongin', 'coqjieu47j6c'];['user', 'kok', 'nggak', 'ditolongin', 'coqjieu47j6c'];user kok nggak ditolongin coqjieu47j6c;user kok ditolongin coqjieu47j6c
15;@__enaktau ini tapi expired maret 2023 (duh mahal y sekarang hiks) https://t.co/Ta1yLJGZbo;-1;user ini tapi expired maret number duh mahal sekarang hiks cota1yljgzbo;['user', 'ini', 'tapi', 'expired', 'maret', 'number', 'duh', 'mahal', 'sekarang', 'hiks', 'cota1yljgzbo'];['user', 'ini', 'tapi', 'expired', 'maret', 'number', 'aduh', 'mahal', 'sekarang', 'hiks', 'cota1yljgzbo'];user ini tapi expired maret number aduh mahal sekarang hiks cota1yljgzbo;user tapi expired maret number aduh mahal sekarang hiks cota1yljgzbo
16;"@babangkres @itskindavienny @BankBCA Modus lama penipu, 
Kalo ketemu pembeli kayak gitu ajak aja ke iklan tokopedia atau sejenis.";0;user user user modus lama penipu kalo ketemu pembeli kayak gitu ajak aja ke iklan tokopedia atau sejenis;['user', 'user', 'user', 'modus', 'lama', 'penipu', 'kalo', 'ketemu', 'pembeli', 'kayak', 'gitu', 'ajak', 'aja', 'ke', 'iklan', 'tokopedia', 'atau', 'sejenis'];['user', 'user', 'user', 'modus', 'lama', 'penipu', 'kalau', 'ketemu', 'pembeli', 'kayak', 'gitu', 'ajak', 'saja', 'ke', 'iklan', 'tokopedia', 'atau', 'sejenis'];user user user modus lama penipu kalau ketemu pembeli kayak gitu ajak saja ke iklan tokopedia atau sejenis;user user user modus lama tipu kalau ketemu beli kayak gitu ajak ke iklan tokopedia jenis
17;"RT @jeonjungkookman: Link
Shopee
ğŸ”— https://t.co/JKLGXCyoZk
Tokopedia
ğŸ”— Nyusul

âœ”ï¸ biaya packing + admin
ğŸ“ Tangerang, Indonesia";0;rt user link shopee cojklgxcyozk tokopedia nyusul biaya packing admin tangerang indonesia;['rt', 'user', 'link', 'shopee', 'cojklgxcyozk', 'tokopedia', 'nyusul', 'biaya', 'packing', 'admin', 'tangerang', 'indonesia'];['rt', 'user', 'link', 'shopee', 'cojklgxcyozk', 'tokopedia', 'nyusul', 'biaya', 'packing', 'admin', 'tangerang', 'indonesia'];rt user link shopee cojklgxcyozk tokopedia nyusul biaya packing admin tangerang indonesia;rt user link shopee cojklgxcyozk tokopedia nyusul biaya packing admin tangerang indonesia
18;"bantu klik link tokopedia ini ya, yg mau di klik boleh rep/dm.

https://t.co/LuRBDyuCUR
https://t.co/nV0jDjqWpI

Vaâ€¦ https://t.co/qd3OWt5t63";0;bantu klik link tokopedia ini ya yg mau di klik boleh rep dm colurbdyucur conv0jdjqwpi va coqd3owt5t63;['bantu', 'klik', 'link', 'tokopedia', 'ini', 'ya', 'yg', 'mau', 'di', 'klik', 'boleh', 'rep', 'dm', 'colurbdyucur', 'conv0jdjqwpi', 'va', 'coqd3owt5t63'];['bantu', 'klik', 'link', 'tokopedia', 'ini', 'iya', 'yang', 'mau', 'di', 'klik', 'boleh', 'rep', 'dm', 'colurbdyucur', 'conv0jdjqwpi', 'va', 'coqd3owt5t63'];bantu klik link tokopedia ini iya yang mau di klik boleh rep dm colurbdyucur conv0jdjqwpi va coqd3owt5t63;bantu klik link tokopedia iya mau klik rep dm colurbdyucur conv0jdjqwpi va coqd3owt5t63
19;Halo min @IndosatCare , tadi saya beli paket Freedom internet 18GB lewat tokopedia. Kuota utama sama nelponnya masuâ€¦ https://t.co/2rxUfeY97R;0;halo min user tadi saya beli paket freedom internet 1 8 gb lewat tokopedia kuota utama sama nelponnya masu co2rxufey97r;['halo', 'min', 'user', 'tadi', 'saya', 'beli', 'paket', 'freedom', 'internet', '1', '8', 'gb', 'lewat', 'tokopedia', 'kuota', 'utama', 'sama', 'nelponnya', 'masu', 'co2rxufey97r'];['halo', 'min', 'user', 'tadi', 'saya', 'beli', 'paket', 'freedom', 'internet', '1', '8', 'gb', 'lewat', 'tokopedia', 'kuota', 'utama', 'sama', 'nelponnya', 'masu', 'co2rxufey97r'];halo min user tadi saya beli paket freedom internet 1 8 gb lewat tokopedia kuota utama sama nelponnya masu co2rxufey97r;halo min user tadi beli paket freedom internet 1 8 gb lewat tokopedia kuota utama sama nelponnya masu co2rxufey97r
20;"1. Universitas Bina Nusantara

Binus menjadi kampus swasta nomor 1 di Indonesia. 
Kampus ini unggul dalam teknologiâ€¦ https://t.co/fz7ZnQOwDu";0;number universitas bina nusantara binus menjadi kampus swasta nomor number di indonesia kampus ini unggul dalam teknologi cofz7znqowdu;['number', 'universitas', 'bina', 'nusantara', 'binus', 'menjadi', 'kampus', 'swasta', 'nomor', 'number', 'di', 'indonesia', 'kampus', 'ini', 'unggul', 'dalam', 'teknologi', 'cofz7znqowdu'];['number', 'universitas', 'bina', 'nusantara', 'binus', 'menjadi', 'kampus', 'swasta', 'nomor', 'number', 'di', 'indonesia', 'kampus', 'ini', 'unggul', 'dalam', 'teknologi', 'cofz7znqowdu'];number universitas bina nusantara binus menjadi kampus swasta nomor number di indonesia kampus ini unggul dalam teknologi cofz7znqowdu;number universitas bina nusantara bus jadi kampus swasta nomor number indonesia kampus unggul teknologi cofz7znqowdu
21;"@semanticloop Ini kah?
https://t.co/y6M4boCD13 image";0;user ini kah coy6m4bocd13 image;['user', 'ini', 'kah', 'coy6m4bocd13', 'image'];['user', 'ini', 'kah', 'coy6m4bocd13', 'image'];user ini kah coy6m4bocd13 image;user kah coy6m4bocd13 image
22;Pengen tau deh,kalau versi bunda ngebersihin kamar dari debu gimana ya ? versi aku sih vacuum cleaner sama air puriâ€¦ https://t.co/F1ryRCcobU;-1;pengen tau deh kalau versi bunda ngebersihin kamar dari debu gimana ya versi aku sih vacuum cleaner sama air puri cof1ryrccobu;['pengen', 'tau', 'deh', 'kalau', 'versi', 'bunda', 'ngebersihin', 'kamar', 'dari', 'debu', 'gimana', 'ya', 'versi', 'aku', 'sih', 'vacuum', 'cleaner', 'sama', 'air', 'puri', 'cof1ryrccobu'];['ingin', 'tau', 'deh', 'kalau', 'versi', 'bunda', 'ngebersihin', 'kamar', 'dari', 'debu', 'bagaimana', 'iya', 'versi', 'aku', 'sih', 'vacuum', 'cleaner', 'sama', 'air', 'puri', 'cof1ryrccobu'];ingin tau deh kalau versi bunda ngebersihin kamar dari debu bagaimana iya versi aku sih vacuum cleaner sama air puri cof1ryrccobu;tau deh kalau versi bunda ngebersihin kamar debu bagaimana iya versi aku sih vacuum cleaner sama air puri cof1ryrccobu
23;Lah ini kenapa dibalikin -_- ? @tokopedia https://t.co/LmIXxSUg2I;0;lah ini kenapa dibalikin _ user colmixxsug2i;['lah', 'ini', 'kenapa', 'dibalikin', '_', 'user', 'colmixxsug2i'];['lah', 'ini', 'kenapa', 'dibalikin', '_', 'user', 'colmixxsug2i'];lah ini kenapa dibalikin _ user colmixxsug2i;lah kenapa dibalikin user colmixxsug2i
24;"@Futsuri1 Buat yng mau lapor itu ke link produknya, scroll paling bwh klik laporkan
Next stepnya silakan di ikuti aâ€¦ https://t.co/JTqUGJVaXL";0;user buat yng mau lapor itu ke link produknya scroll paling bwh klik laporkan next stepnya silakan di ikuti cojtqugjvaxl;['user', 'buat', 'yng', 'mau', 'lapor', 'itu', 'ke', 'link', 'produknya', 'scroll', 'paling', 'bwh', 'klik', 'laporkan', 'next', 'stepnya', 'silakan', 'di', 'ikuti', 'cojtqugjvaxl'];['user', 'buat', 'yang', 'mau', 'lapor', 'itu', 'ke', 'link', 'produknya', 'scroll', 'paling', 'bwh', 'klik', 'laporkan', 'next', 'stepnya', 'silakan', 'di', 'ikuti', 'cojtqugjvaxl'];user buat yang mau lapor itu ke link produknya scroll paling bwh klik laporkan next stepnya silakan di ikuti cojtqugjvaxl;user buat mau lapor ke link produk scroll paling bwh klik lapor next step sila ikut cojtqugjvaxl
25;@tokopedia l taewon apaan sih;0;user taewon apaan sih;['user', 'taewon', 'apaan', 'sih'];['user', 'taewon', 'apaan', 'sih'];user taewon apaan sih;user taewon apa sih
26;"@JapanMerchFess Monggo nder mikey siap kirim, dom jogja yaa
ğŸŠÂ  https://t.co/QifAoUMQG8
ğŸ https://t.co/c0NS7HRV05 https://t.co/PT8G0ZMlPl";0;user monggo nder mikey siap kirim dom jogja yaa coqifaoumqg8 coc0ns7hrv05 copt8g0zmlpl;['user', 'monggo', 'nder', 'mikey', 'siap', 'kirim', 'dom', 'jogja', 'yaa', 'coqifaoumqg8', 'coc0ns7hrv05', 'copt8g0zmlpl'];['user', 'monggo', 'nder', 'mikey', 'siap', 'kirim', 'dom', 'jogja', 'iya', 'coqifaoumqg8', 'coc0ns7hrv05', 'copt8g0zmlpl'];user monggo nder mikey siap kirim dom jogja iya coqifaoumqg8 coc0ns7hrv05 copt8g0zmlpl;user monggo nder mikey siap kirim dom jogja iya coqifaoumqg8 coc0ns7hrv05 copt8g0zmlpl
27;"RT @jayparkgf9: ğŸŒ· rekomendasi sling bag wanita ğŸŒ·

1. https://t.co/a6zK56bKkp
2. https://t.co/fIAaQI04O1
3. https://t.co/vhsW91BMMN
4. httpsâ€¦";0;rt user rekomendasi sling bag wanita number coa6zk56bkkp number cofiaaqi04o1 number covhsw91bmmn number https;['rt', 'user', 'rekomendasi', 'sling', 'bag', 'wanita', 'number', 'coa6zk56bkkp', 'number', 'cofiaaqi04o1', 'number', 'covhsw91bmmn', 'number', 'https'];['rt', 'user', 'rekomendasi', 'sling', 'bag', 'wanita', 'number', 'coa6zk56bkkp', 'number', 'cofiaaqi04o1', 'number', 'covhsw91bmmn', 'number', 'https'];rt user rekomendasi sling bag wanita number coa6zk56bkkp number cofiaaqi04o1 number covhsw91bmmn number https;rt user rekomendasi sling bag wanita number coa6zk56bkkp number cofiaaqi04o1 number covhsw91bmmn number https
28;jual #Chloskin di #tokopedia https://t.co/67ta4KqcJM;0;jual hashtag chloskin hashtag di hashtag tokopedia hashtag co67ta4kqcjm;['jual', 'hashtag', 'chloskin', 'hashtag', 'di', 'hashtag', 'tokopedia', 'hashtag', 'co67ta4kqcjm'];['jual', 'hashtag', 'chloskin', 'hashtag', 'di', 'hashtag', 'tokopedia', 'hashtag', 'co67ta4kqcjm'];jual hashtag chloskin hashtag di hashtag tokopedia hashtag co67ta4kqcjm;jual hashtag chloskin hashtag hashtag tokopedia hashtag co67ta4kqcjm
29;@utpudah Aduh maaf baru baca. Kalau sekarang sudah bubar ğŸ˜°. Tapi masih bisa didapat di https://t.co/vitus3zy3e;0;user aduh maaf baru baca kalau sekarang sudah bubar tapi masih bisa didapat di covitus3zy3e;['user', 'aduh', 'maaf', 'baru', 'baca', 'kalau', 'sekarang', 'sudah', 'bubar', 'tapi', 'masih', 'bisa', 'didapat', 'di', 'covitus3zy3e'];['user', 'aduh', 'maaf', 'baru', 'baca', 'kalau', 'sekarang', 'sudah', 'bubar', 'tapi', 'masih', 'bisa', 'didapat', 'di', 'covitus3zy3e'];user aduh maaf baru baca kalau sekarang sudah bubar tapi masih bisa didapat di covitus3zy3e;user aduh maaf baru baca kalau sekarang bubar masih dapat covitus3zy3e
30;"RT @loveparadiise: WANT TO BUY / WTB !!

bts tokopedia postcard ot7 
(PREFER seller yang ada ot7)
drop wangdom di dm
goodcond redi kmr bs oâ€¦";0;rt user want to buy wtb bts tokopedia postcard ot7 prefer seller yang ada ot7 drop wangdom di dm goodcond redi kmr bs;['rt', 'user', 'want', 'to', 'buy', 'wtb', 'bts', 'tokopedia', 'postcard', 'ot7', 'prefer', 'seller', 'yang', 'ada', 'ot7', 'drop', 'wangdom', 'di', 'dm', 'goodcond', 'redi', 'kmr', 'bs'];['rt', 'user', 'want', 'to', 'buy', 'wtb', 'bts', 'tokopedia', 'postcard', 'ot7', 'prefer', 'seller', 'yang', 'ada', 'ot7', 'drop', 'wangdom', 'di', 'dm', 'goodcond', 'redi', 'kmr', 'bisa'];rt user want to buy wtb bts tokopedia postcard ot7 prefer seller yang ada ot7 drop wangdom di dm goodcond redi kmr bisa;rt user want to buy wtb bts tokopedia postcard ot7 prefer seller ada ot7 drop wangdom dm goodcond redi kmr
31;"Totebag Kanvas Dibawah 20 Ribuan Check âœ…

klik link dibawah ini yaâœ¨
1. https://t.co/MNr8ULMRkR
2.â€¦ https://t.co/dB3DyIU1fo";0;totebag kanvas dibawah number ribuan check klik link dibawah ini ya number comnr8ulmrkr number codb3dyiu1fo;['totebag', 'kanvas', 'dibawah', 'number', 'ribuan', 'check', 'klik', 'link', 'dibawah', 'ini', 'ya', 'number', 'comnr8ulmrkr', 'number', 'codb3dyiu1fo'];['totebag', 'kanvas', 'dibawah', 'number', 'ribuan', 'check', 'klik', 'link', 'dibawah', 'ini', 'iya', 'number', 'comnr8ulmrkr', 'number', 'codb3dyiu1fo'];totebag kanvas dibawah number ribuan check klik link dibawah ini iya number comnr8ulmrkr number codb3dyiu1fo;totebag kanvas bawah number ribu check klik link bawah iya number comnr8ulmrkr number codb3dyiu1fo
32;https://t.co/gEMk2MMwk5 https://t.co/lhEmhYg8Wf Cocok untuk lokasi atm bank dki jakarta timur;0;cogemk2mmwk5 colhemhyg8wf cocok untuk lokasi atm bank dki jakarta timur;['cogemk2mmwk5', 'colhemhyg8wf', 'cocok', 'untuk', 'lokasi', 'atm', 'bank', 'dki', 'jakarta', 'timur'];['cogemk2mmwk5', 'colhemhyg8wf', 'cocok', 'untuk', 'lokasi', 'atm', 'bank', 'dki', 'jakarta', 'timur'];cogemk2mmwk5 colhemhyg8wf cocok untuk lokasi atm bank dki jakarta timur;cogemk2mmwk5 colhemhyg8wf cocok lokasi atm bank dki jakarta timur
33;https://t.co/9uB8DiPvV6 Cek alamat toko napoleon medan;0;co9ub8dipvv6 cek alamat toko napoleon medan;['co9ub8dipvv6', 'cek', 'alamat', 'toko', 'napoleon', 'medan'];['co9ub8dipvv6', 'cek', 'alamat', 'toko', 'napoleon', 'medan'];co9ub8dipvv6 cek alamat toko napoleon medan;co9ub8dipvv6 cek alamat toko napoleon medan
34;"@verysuscat @literarybase Beli di tokopedia kak.. keywordnya rak 7 susun..
Coba cek ini, deh: ""Rak Lemari Buku 7 Suâ€¦ https://t.co/FqunNbUEZz";0;user user beli di tokopedia kak keywordnya rak number susun coba cek ini deh rak lemari buku number su cofqunnbuezz;['user', 'user', 'beli', 'di', 'tokopedia', 'kak', 'keywordnya', 'rak', 'number', 'susun', 'coba', 'cek', 'ini', 'deh', 'rak', 'lemari', 'buku', 'number', 'su', 'cofqunnbuezz'];['user', 'user', 'beli', 'di', 'tokopedia', 'kak', 'keywordnya', 'rak', 'number', 'susun', 'coba', 'cek', 'ini', 'deh', 'rak', 'lemari', 'buku', 'number', 'su', 'cofqunnbuezz'];user user beli di tokopedia kak keywordnya rak number susun coba cek ini deh rak lemari buku number su cofqunnbuezz;user user beli tokopedia kak keywordnya rak number susun coba cek deh rak lemari buku number su cofqunnbuezz
35;"@saturncoff @grntgina @worksfess di ofc topednya ada kak
https://t.co/5C7Vnpw2fc

di Shopee nya juga ada kak
https://t.co/l0iinGl5Jv";0;user user user di ofc topednya ada kak co5c7vnpw2fc di shopee nya juga ada kak col0iingl5jv;['user', 'user', 'user', 'di', 'ofc', 'topednya', 'ada', 'kak', 'co5c7vnpw2fc', 'di', 'shopee', 'nya', 'juga', 'ada', 'kak', 'col0iingl5jv'];['user', 'user', 'user', 'di', 'ofc', 'topednya', 'ada', 'kak', 'co5c7vnpw2fc', 'di', 'shopee', 'nya', 'juga', 'ada', 'kak', 'col0iingl5jv'];user user user di ofc topednya ada kak co5c7vnpw2fc di shopee nya juga ada kak col0iingl5jv;user user user ofc topednya kak co5c7vnpw2fc shopee nya ada kak col0iingl5jv
36;"@DokterTifa Bu kalau jarinya pengen olahraga mending ngupas kuaci aja bu jangan malah buka handphone ğŸ¥²

https://t.co/pu7nObm1IG";0;user bu kalau jarinya pengen olahraga mending ngupas kuaci aja bu jangan malah buka handphone copu7nobm1ig;['user', 'bu', 'kalau', 'jarinya', 'pengen', 'olahraga', 'mending', 'ngupas', 'kuaci', 'aja', 'bu', 'jangan', 'malah', 'buka', 'handphone', 'copu7nobm1ig'];['user', 'bu', 'kalau', 'jarinya', 'ingin', 'olahraga', 'baiknya', 'ngupas', 'kuaci', 'saja', 'bu', 'jangan', 'malah', 'buka', 'handphone', 'copu7nobm1ig'];user bu kalau jarinya ingin olahraga baiknya ngupas kuaci saja bu jangan malah buka handphone copu7nobm1ig;user bu kalau jari olahraga baik ngupas kuaci bu jangan malah buka handphone copu7nobm1ig
37;"Kejar Diskon Spesial | Tokopedia
â°22:00

ğŸ’µRp25.000
Tissue facial nice 180s x4
https://t.co/UDhBq0x2KO
Natur hair toâ€¦ https://t.co/BysUMtIP2b";1;kejar diskon spesial tokopedia time rp25 number tissue facial nice 1 8 0 x4 coudhbq0x2ko natur hair to cobysumtip2b;['kejar', 'diskon', 'spesial', 'tokopedia', 'time', 'rp25', 'number', 'tissue', 'facial', 'nice', '1', '8', '0', 'x4', 'coudhbq0x2ko', 'natur', 'hair', 'to', 'cobysumtip2b'];['kejar', 'diskon', 'spesial', 'tokopedia', 'time', 'rp25', 'number', 'tissue', 'facial', 'nice', '1', '8', '0', 'x4', 'coudhbq0x2ko', 'natur', 'hair', 'to', 'cobysumtip2b'];kejar diskon spesial tokopedia time rp25 number tissue facial nice 1 8 0 x4 coudhbq0x2ko natur hair to cobysumtip2b;kejar diskon spesial tokopedia time rp25 number tissue facial nice 1 8 0 x4 coudhbq0x2ko natur hair to cobysumtip2b
38;"RT @PookiePooJen: ï¸´Rekomendasi Baju Batik Cowok ğŸ‘

1. https://t.co/ZGolPd3XH3
2. https://t.co/n1f3xPbL60
3. https://t.co/MiDMG7yVxz
4. httpâ€¦";0;rt user rekomendasi baju batik cowok number cozgolpd3xh3 number con1f3xpbl60 number comidmg7yvxz number http;['rt', 'user', 'rekomendasi', 'baju', 'batik', 'cowok', 'number', 'cozgolpd3xh3', 'number', 'con1f3xpbl60', 'number', 'comidmg7yvxz', 'number', 'http'];['rt', 'user', 'rekomendasi', 'baju', 'batik', 'cowok', 'number', 'cozgolpd3xh3', 'number', 'con1f3xpbl60', 'number', 'comidmg7yvxz', 'number', 'http'];rt user rekomendasi baju batik cowok number cozgolpd3xh3 number con1f3xpbl60 number comidmg7yvxz number http;rt user rekomendasi baju batik cowok number cozgolpd3xh3 number con1f3xpbl60 number comidmg7yvxz number http
39;"Kejar Diskon Spesial
ğŸ•™ 22:00

[Rp25.490]
PRONAS Kari Ayam 200g x 2
https://t.co/EmEfFBWq7A

[Rp40.000]
Frisian Flagâ€¦ https://t.co/hOVW3oMOsI";0;kejar diskon spesial time rp25 number pronas kari ayam 2 0 0 number coemeffbwq7a rp40 number frisian flag cohovw3omosi;['kejar', 'diskon', 'spesial', 'time', 'rp25', 'number', 'pronas', 'kari', 'ayam', '2', '0', '0', 'number', 'coemeffbwq7a', 'rp40', 'number', 'frisian', 'flag', 'cohovw3omosi'];['kejar', 'diskon', 'spesial', 'time', 'rp25', 'number', 'pronas', 'kari', 'ayam', '2', '0', '0', 'number', 'coemeffbwq7a', 'rp40', 'number', 'frisian', 'flag', 'cohovw3omosi'];kejar diskon spesial time rp25 number pronas kari ayam 2 0 0 number coemeffbwq7a rp40 number frisian flag cohovw3omosi;kejar diskon spesial time rp25 number pronas kari ayam 2 0 0 number coemeffbwq7a rp40 number frisian flag cohovw3omosi
40;"Kejar Diskon Spesial | Tokopedia
â°22:00

ğŸ’µRp25.000
Mie kremezz mix shake &amp; shor - jagung bakarâ€¦ https://t.co/BdP8HATAVC";0;kejar diskon spesial tokopedia time rp25 number mie kremezz mix shake shor jagung bakar cobdp8hatavc;['kejar', 'diskon', 'spesial', 'tokopedia', 'time', 'rp25', 'number', 'mie', 'kremezz', 'mix', 'shake', 'shor', 'jagung', 'bakar', 'cobdp8hatavc'];['kejar', 'diskon', 'spesial', 'tokopedia', 'time', 'rp25', 'number', 'mie', 'kremezz', 'mix', 'shake', 'shor', 'jagung', 'bakar', 'cobdp8hatavc'];kejar diskon spesial tokopedia time rp25 number mie kremezz mix shake shor jagung bakar cobdp8hatavc;kejar diskon spesial tokopedia time rp25 number mie kremezz mix shake shor jagung bakar cobdp8hatavc
41;"RT @shopeeethings: Rekomendasi dompet dari aku part 2 (pemakaian pribadi)

2. https://t.co/p31I7iBgaj
ada 6 slot kartu, 1 slot di tengah biâ€¦";0;rt user rekomendasi dompet dari aku part number pemakaian pribadi number cop31i7ibgaj ada number slot kartu number slot di tengah bi;['rt', 'user', 'rekomendasi', 'dompet', 'dari', 'aku', 'part', 'number', 'pemakaian', 'pribadi', 'number', 'cop31i7ibgaj', 'ada', 'number', 'slot', 'kartu', 'number', 'slot', 'di', 'tengah', 'bi'];['rt', 'user', 'rekomendasi', 'dompet', 'dari', 'aku', 'part', 'number', 'pemakaian', 'pribadi', 'number', 'cop31i7ibgaj', 'ada', 'number', 'slot', 'kartu', 'number', 'slot', 'di', 'tengah', 'bi'];rt user rekomendasi dompet dari aku part number pemakaian pribadi number cop31i7ibgaj ada number slot kartu number slot di tengah bi;rt user rekomendasi dompet aku part number pakai pribadi number cop31i7ibgaj number slot kartu number slot tengah bi
42;"Coba cek ini, deh: ""Pecut Bopo Cambuk 2 Meter Abu Putih Cetar Kesenian Hiasan Dinding"" Rp53.500 di toko 2 Gold Markâ€¦ https://t.co/aPXVDCI9py";0;coba cek ini deh pecut bopo cambuk number meter abu putih cetar kesenian hiasan dinding rp53 number di toko number gold mark coapxvdci9py;['coba', 'cek', 'ini', 'deh', 'pecut', 'bopo', 'cambuk', 'number', 'meter', 'abu', 'putih', 'cetar', 'kesenian', 'hiasan', 'dinding', 'rp53', 'number', 'di', 'toko', 'number', 'gold', 'mark', 'coapxvdci9py'];['coba', 'cek', 'ini', 'deh', 'pecut', 'bopo', 'cambuk', 'number', 'meter', 'abu', 'putih', 'cetar', 'kesenian', 'hiasan', 'dinding', 'rp53', 'number', 'di', 'toko', 'number', 'gold', 'mark', 'coapxvdci9py'];coba cek ini deh pecut bopo cambuk number meter abu putih cetar kesenian hiasan dinding rp53 number di toko number gold mark coapxvdci9py;coba cek deh pecut bopo cambuk number meter abu putih cetar seni hias dinding rp53 number toko number gold mark coapxvdci9py
43;"Kejar Diskon Spesial | Tokopedia
â°22:00

ğŸ’µRp20.000
O.two.O maskara long lasting natural
https://t.co/kOl0W89R0w
Purâ€¦ https://t.co/q1gHzncxIe";1;kejar diskon spesial tokopedia time rp20 number two maskara long lasting natural cokol0w89r0w pur coq1ghzncxie;['kejar', 'diskon', 'spesial', 'tokopedia', 'time', 'rp20', 'number', 'two', 'maskara', 'long', 'lasting', 'natural', 'cokol0w89r0w', 'pur', 'coq1ghzncxie'];['kejar', 'diskon', 'spesial', 'tokopedia', 'time', 'rp20', 'number', 'two', 'maskara', 'long', 'lasting', 'natural', 'cokol0w89r0w', 'pur', 'coq1ghzncxie'];kejar diskon spesial tokopedia time rp20 number two maskara long lasting natural cokol0w89r0w pur coq1ghzncxie;kejar diskon spesial tokopedia time rp20 number two maskara long lasting natural cokol0w89r0w pur coq1ghzncxie
44;"Kejar Diskon Spesial
ğŸ•™ 22:00

[Rp20.000]
O.TWO.O Waterproof Mascara
https://t.co/R2iHc9OHeL

[Rp25.000]
Bundling shâ€¦ https://t.co/JB37KX4LWP";0;kejar diskon spesial time rp20 number two waterproof mascara cor2ihc9ohel rp25 number bundling sh cojb37kx4lwp;['kejar', 'diskon', 'spesial', 'time', 'rp20', 'number', 'two', 'waterproof', 'mascara', 'cor2ihc9ohel', 'rp25', 'number', 'bundling', 'sh', 'cojb37kx4lwp'];['kejar', 'diskon', 'spesial', 'time', 'rp20', 'number', 'two', 'waterproof', 'mascara', 'cor2ihc9ohel', 'rp25', 'number', 'bundling', 'sh', 'cojb37kx4lwp'];kejar diskon spesial time rp20 number two waterproof mascara cor2ihc9ohel rp25 number bundling sh cojb37kx4lwp;kejar diskon spesial time rp20 number two waterproof mascara cor2ihc9ohel rp25 number bundling sh cojb37kx4lwp
45;"@FOODFESS2 Brownies Panggang.. Siap kirim ke seluruh Indonesia ğŸ™ŒğŸ’¯

Untuk pemesanan bisa melalui :
Tokopediaâ€¦ https://t.co/wiqvSVHBsH";0;user brownies panggang siap kirim ke seluruh indonesia untuk pemesanan bisa melalui tokopedia cowiqvsvhbsh;['user', 'brownies', 'panggang', 'siap', 'kirim', 'ke', 'seluruh', 'indonesia', 'untuk', 'pemesanan', 'bisa', 'melalui', 'tokopedia', 'cowiqvsvhbsh'];['user', 'brownies', 'panggang', 'siap', 'kirim', 'ke', 'seluruh', 'indonesia', 'untuk', 'pemesanan', 'bisa', 'melalui', 'tokopedia', 'cowiqvsvhbsh'];user brownies panggang siap kirim ke seluruh indonesia untuk pemesanan bisa melalui tokopedia cowiqvsvhbsh;user brownies panggang siap kirim seluruh indonesia mesan lalu tokopedia cowiqvsvhbsh
46;"RT @tokopedia: Olahraga aku setiap hari:

#Tokopedia #BTSTokopedia #YangLagiViral";0;rt user olahraga aku setiap hari hashtag tokopedia hashtag hashtag bts tokopedia hashtag hashtag yang lagi viral hashtag;['rt', 'user', 'olahraga', 'aku', 'setiap', 'hari', 'hashtag', 'tokopedia', 'hashtag', 'hashtag', 'bts', 'tokopedia', 'hashtag', 'hashtag', 'yang', 'lagi', 'viral', 'hashtag'];['rt', 'user', 'olahraga', 'aku', 'setiap', 'hari', 'hashtag', 'tokopedia', 'hashtag', 'hashtag', 'bts', 'tokopedia', 'hashtag', 'hashtag', 'yang', 'lagi', 'viral', 'hashtag'];rt user olahraga aku setiap hari hashtag tokopedia hashtag hashtag bts tokopedia hashtag hashtag yang lagi viral hashtag;rt user olahraga aku hari hashtag tokopedia hashtag hashtag bts tokopedia hashtag hashtag lagi viral hashtag
47;RT @hayforuandme: Ka @i_m_mortal_ dan folls ada yg tau g ya vc cb toko yg dilayani tokopedia tuh toko apa aja? dr bbrp hari udh nyoba nyariâ€¦;0;rt user ka user dan folls ada yg tau ya vc cb toko yg dilayani tokopedia tuh toko apa aja dr bbrp hari udh nyoba nyari;['rt', 'user', 'ka', 'user', 'dan', 'folls', 'ada', 'yg', 'tau', 'ya', 'vc', 'cb', 'toko', 'yg', 'dilayani', 'tokopedia', 'tuh', 'toko', 'apa', 'aja', 'dr', 'bbrp', 'hari', 'udh', 'nyoba', 'nyari'];['rt', 'user', 'ka', 'user', 'dan', 'folls', 'ada', 'yang', 'tau', 'iya', 'vc', 'cb', 'toko', 'yang', 'dilayani', 'tokopedia', 'itu', 'toko', 'apa', 'saja', 'dari', 'beberapa', 'hari', 'sudah', 'nyoba', 'mencari'];rt user ka user dan folls ada yang tau iya vc cb toko yang dilayani tokopedia itu toko apa saja dari beberapa hari sudah nyoba mencari;rt user ka user folls tau iya vc cb toko yang layan tokopedia toko apa dari beberapa hari nyoba cari
48;"RT @m_promosindo2: Nama Meja Bank BRI stainless berholder aluminium krom mulai Rp. 245.000 di Media Promosindo.
https://t.co/SKnsJ3CvdW

#nâ€¦";1;rt user nama meja bank bri stainless berholder aluminium krom mulai rp number di media promosindo cosknsj3cvdw hashtag hashtag;['rt', 'user', 'nama', 'meja', 'bank', 'bri', 'stainless', 'berholder', 'aluminium', 'krom', 'mulai', 'rp', 'number', 'di', 'media', 'promosindo', 'cosknsj3cvdw', 'hashtag', 'hashtag'];['rt', 'user', 'nama', 'meja', 'bank', 'bri', 'stainless', 'berholder', 'aluminium', 'krom', 'mulai', 'rupiah', 'number', 'di', 'media', 'promosindo', 'cosknsj3cvdw', 'hashtag', 'hashtag'];rt user nama meja bank bri stainless berholder aluminium krom mulai rupiah number di media promosindo cosknsj3cvdw hashtag hashtag;rt user nama meja bank bri stainless berholder aluminium krom mulai rupiah number media promosindo cosknsj3cvdw hashtag hashtag
49;"Minggu 30 Oktober Laut Bercerita Dalam Hal Detik Menit Dan Perjam,
Iqbaal Vidi Andin Eva Elfie Menikmati Istora Senâ€¦ https://t.co/MRbUuWWJSQ";0;minggu number oktober laut bercerita dalam hal detik menit dan perjam iqbaal vidi andin eva elfie menikmati istora sen comrbuuwwjsq;['minggu', 'number', 'oktober', 'laut', 'bercerita', 'dalam', 'hal', 'detik', 'menit', 'dan', 'perjam', 'iqbaal', 'vidi', 'andin', 'eva', 'elfie', 'menikmati', 'istora', 'sen', 'comrbuuwwjsq'];['minggu', 'number', 'oktober', 'laut', 'bercerita', 'dalam', 'hal', 'detik', 'menit', 'dan', 'perjam', 'iqbaal', 'vidi', 'andin', 'eva', 'elfie', 'menikmati', 'istora', 'sen', 'comrbuuwwjsq'];minggu number oktober laut bercerita dalam hal detik menit dan perjam iqbaal vidi andin eva elfie menikmati istora sen comrbuuwwjsq;minggu number oktober laut cerita hal detik menit jam iqbaal vidi andin eva elfie nikmat istora sen comrbuuwwjsq
50;"Rekomendasi Barang Koleksi untuk Dekorasi Rumah yang bisa sekaligus dijadikan investasi :
Kamera :â€¦ https://t.co/d7OAaVR5Gd";0;rekomendasi barang koleksi untuk dekorasi rumah yang bisa sekaligus dijadikan investasi kamera cod7oaavr5gd;['rekomendasi', 'barang', 'koleksi', 'untuk', 'dekorasi', 'rumah', 'yang', 'bisa', 'sekaligus', 'dijadikan', 'investasi', 'kamera', 'cod7oaavr5gd'];['rekomendasi', 'barang', 'koleksi', 'untuk', 'dekorasi', 'rumah', 'yang', 'bisa', 'sekaligus', 'dijadikan', 'investasi', 'kamera', 'cod7oaavr5gd'];rekomendasi barang koleksi untuk dekorasi rumah yang bisa sekaligus dijadikan investasi kamera cod7oaavr5gd;rekomendasi barang koleksi dekorasi rumah bisa sekaligus jadi investasi kamera cod7oaavr5gd
51;"RT @Nurulkjo1: Ready ya guys.....ğŸ™ğŸ»ğŸ’œ

Coba cek ini, deh: ""Meta Black Bawang Hitam Probiotik - 500 ml"" Rp200.000 di toko ulul hope imeta Tokâ€¦";1;rt user ready ya guys coba cek ini deh meta black bawang hitam probiotik number ml rp200 number di toko ulul hope imeta tok;['rt', 'user', 'ready', 'ya', 'guys', 'coba', 'cek', 'ini', 'deh', 'meta', 'black', 'bawang', 'hitam', 'probiotik', 'number', 'ml', 'rp200', 'number', 'di', 'toko', 'ulul', 'hope', 'imeta', 'tok'];['rt', 'user', 'ready', 'iya', 'guys', 'coba', 'cek', 'ini', 'deh', 'meta', 'black', 'bawang', 'hitam', 'probiotik', 'number', 'mobile legends', 'rp200', 'number', 'di', 'toko', 'ulul', 'hope', 'imeta', 'saja'];rt user ready iya guys coba cek ini deh meta black bawang hitam probiotik number mobile legends rp200 number di toko ulul hope imeta saja;rt user ready iya guys coba cek deh meta black bawang hitam probiotik number mobile legends rp200 number toko ulul hope imeta
52;"Lagi ada diskon cashback max 5000 dengan kode ""brayanorganik""
Yukkkk order ğŸ¤—

Coba cek ini, deh: ""Gula Semut Organiâ€¦ https://t.co/vBJLHcBX4k";0;lagi ada diskon cashback max number dengan kode brayanorganik yukkkk order coba cek ini deh gula semut organi covbjlhcbx4k;['lagi', 'ada', 'diskon', 'cashback', 'max', 'number', 'dengan', 'kode', 'brayanorganik', 'yukkkk', 'order', 'coba', 'cek', 'ini', 'deh', 'gula', 'semut', 'organi', 'covbjlhcbx4k'];['lagi', 'ada', 'diskon', 'cashback', 'max', 'number', 'dengan', 'kode', 'brayanorganik', 'yukkkk', 'order', 'coba', 'cek', 'ini', 'deh', 'gula', 'semut', 'organi', 'covbjlhcbx4k'];lagi ada diskon cashback max number dengan kode brayanorganik yukkkk order coba cek ini deh gula semut organi covbjlhcbx4k;ada diskon cashback max number kode brayanorganik yukkkk order coba cek deh gula semut organ covbjlhcbx4k
53;"anyway aku pakai pan carote, pan yg aku pake buat masak apa aja ğŸ¤§ sayang banget sama pan ini.

kalau mau beli bisaâ€¦ https://t.co/FU3WaoDDBE";0;anyway aku pakai pan carote pan yg aku pake buat masak apa aja sayang banget sama pan ini kalau mau beli bisa cofu3waoddbe;['anyway', 'aku', 'pakai', 'pan', 'carote', 'pan', 'yg', 'aku', 'pake', 'buat', 'masak', 'apa', 'aja', 'sayang', 'banget', 'sama', 'pan', 'ini', 'kalau', 'mau', 'beli', 'bisa', 'cofu3waoddbe'];['anyway', 'aku', 'pakai', 'pan', 'carote', 'pan', 'yang', 'aku', 'pakai', 'buat', 'masak', 'apa', 'saja', 'sayang', 'banget', 'sama', 'pan', 'ini', 'kalau', 'mau', 'beli', 'bisa', 'cofu3waoddbe'];anyway aku pakai pan carote pan yang aku pakai buat masak apa saja sayang banget sama pan ini kalau mau beli bisa cofu3waoddbe;anyway aku pakai pan carote pan aku pakai buat masak apa sayang banget sama pan kalau mau beli cofu3waoddbe
54;@sosmii__ di sini sis, ada warna lain juga cakep2 banget https://t.co/c657MKUaPl;0;user di sini sis ada warna lain juga cakep2 banget coc657mkuapl;['user', 'di', 'sini', 'sis', 'ada', 'warna', 'lain', 'juga', 'cakep2', 'banget', 'coc657mkuapl'];['user', 'di', 'sini', 'kakak', 'ada', 'warna', 'lain', 'juga', 'cakep2', 'banget', 'coc657mkuapl'];user di sini kakak ada warna lain juga cakep2 banget coc657mkuapl;user sini kakak warna juga cakep2 banget coc657mkuapl
55;"RT @jayparkgf9: ğŸŒ· rekomendasi sling bag wanita ğŸŒ·

1. https://t.co/a6zK56bKkp
2. https://t.co/fIAaQI04O1
3. https://t.co/vhsW91BMMN
4. httpsâ€¦";0;rt user rekomendasi sling bag wanita number coa6zk56bkkp number cofiaaqi04o1 number covhsw91bmmn number https;['rt', 'user', 'rekomendasi', 'sling', 'bag', 'wanita', 'number', 'coa6zk56bkkp', 'number', 'cofiaaqi04o1', 'number', 'covhsw91bmmn', 'number', 'https'];['rt', 'user', 'rekomendasi', 'sling', 'bag', 'wanita', 'number', 'coa6zk56bkkp', 'number', 'cofiaaqi04o1', 'number', 'covhsw91bmmn', 'number', 'https'];rt user rekomendasi sling bag wanita number coa6zk56bkkp number cofiaaqi04o1 number covhsw91bmmn number https;rt user rekomendasi sling bag wanita number coa6zk56bkkp number cofiaaqi04o1 number covhsw91bmmn number https
56;"nih ada spuit murah di tokped cuma 2rb
https://t.co/Xjf2gN6BeU";0;nih ada spuit murah di tokped cuma 2 rb coxjf2gn6beu;['nih', 'ada', 'spuit', 'murah', 'di', 'tokped', 'cuma', '2', 'rb', 'coxjf2gn6beu'];['ini', 'ada', 'spuit', 'murah', 'di', 'tokped', 'cuma', '2', 'ribu', 'coxjf2gn6beu'];ini ada spuit murah di tokped cuma 2 ribu coxjf2gn6beu;ada spuit murah tokped cuma 2 ribu coxjf2gn6beu
57;Ka @i_m_mortal_ dan folls ada yg tau g ya vc cb toko yg dilayani tokopedia tuh toko apa aja? dr bbrp hari udh nyobaâ€¦ https://t.co/84SHWRV4qR;0;ka user dan folls ada yg tau ya vc cb toko yg dilayani tokopedia tuh toko apa aja dr bbrp hari udh nyoba co84shwrv4qr;['ka', 'user', 'dan', 'folls', 'ada', 'yg', 'tau', 'ya', 'vc', 'cb', 'toko', 'yg', 'dilayani', 'tokopedia', 'tuh', 'toko', 'apa', 'aja', 'dr', 'bbrp', 'hari', 'udh', 'nyoba', 'co84shwrv4qr'];['ka', 'user', 'dan', 'folls', 'ada', 'yang', 'tau', 'iya', 'vc', 'cb', 'toko', 'yang', 'dilayani', 'tokopedia', 'itu', 'toko', 'apa', 'saja', 'dari', 'beberapa', 'hari', 'sudah', 'nyoba', 'co84shwrv4qr'];ka user dan folls ada yang tau iya vc cb toko yang dilayani tokopedia itu toko apa saja dari beberapa hari sudah nyoba co84shwrv4qr;ka user folls tau iya vc cb toko yang layan tokopedia toko apa dari beberapa hari nyoba co84shwrv4qr
58;"RT @yaelahbadut: Buat yang lagi nyari POD atau liquid yang seger2, cobain deh liquid dari FOOM, yang Fruity Series favorit gue semua sih

gâ€¦";0;rt user buat yang lagi nyari pod atau liquid yang seger2 cobain deh liquid dari foom yang fruity series favorit gue semua sih;['rt', 'user', 'buat', 'yang', 'lagi', 'nyari', 'pod', 'atau', 'liquid', 'yang', 'seger2', 'cobain', 'deh', 'liquid', 'dari', 'foom', 'yang', 'fruity', 'series', 'favorit', 'gue', 'semua', 'sih'];['rt', 'user', 'buat', 'yang', 'lagi', 'mencari', 'pod', 'atau', 'liquid', 'yang', 'seger2', 'cobain', 'deh', 'liquid', 'dari', 'foom', 'yang', 'fruity', 'series', 'favorit', 'saya', 'semua', 'sih'];rt user buat yang lagi mencari pod atau liquid yang seger2 cobain deh liquid dari foom yang fruity series favorit saya semua sih;rt user buat lagi cari pod liquid seger2 cobain deh liquid foom fruity series favorit semua sih
59;"RT @tokopedia: 4 alternatif sehat pengganti gula, cekidot guys...
ğŸœğŸœğŸœğŸœ

#miaminto https://t.co/xtCFZuWCAS";0;rt user number alternatif sehat pengganti gula cekidot guys hashtag miam into hashtag coxtcfzuwcas;['rt', 'user', 'number', 'alternatif', 'sehat', 'pengganti', 'gula', 'cekidot', 'guys', 'hashtag', 'miam', 'into', 'hashtag', 'coxtcfzuwcas'];['rt', 'user', 'number', 'alternatif', 'sehat', 'pengganti', 'gula', 'cekidot', 'guys', 'hashtag', 'miam', 'into', 'hashtag', 'coxtcfzuwcas'];rt user number alternatif sehat pengganti gula cekidot guys hashtag miam into hashtag coxtcfzuwcas;rt user number alternatif sehat ganti gula cekidot guys hashtag miam into hashtag coxtcfzuwcas
60;semua bahan bisa dibeli di pasar/supermarket terdekat, tapi kalau mau beli online di toko ijo free ongkir bisa beliâ€¦ https://t.co/caL8z6Rep5;1;semua bahan bisa dibeli di pasar supermarket terdekat tapi kalau mau beli online di toko ijo free ongkir bisa beli cocal8z6rep5;['semua', 'bahan', 'bisa', 'dibeli', 'di', 'pasar', 'supermarket', 'terdekat', 'tapi', 'kalau', 'mau', 'beli', 'online', 'di', 'toko', 'ijo', 'free', 'ongkir', 'bisa', 'beli', 'cocal8z6rep5'];['semua', 'bahan', 'bisa', 'dibeli', 'di', 'pasar', 'supermarket', 'terdekat', 'tapi', 'kalau', 'mau', 'beli', 'online', 'di', 'toko', 'ijo', 'free', 'ongkir', 'bisa', 'beli', 'cocal8z6rep5'];semua bahan bisa dibeli di pasar supermarket terdekat tapi kalau mau beli online di toko ijo free ongkir bisa beli cocal8z6rep5;semua bahan beli pasar supermarket dekat kalau mau beli online toko ijo free ongkir beli cocal8z6rep5
61;@callmebisa @saloveyouu @seffkind0shi @lipbatlm @Askrlfess gatau diri bgt ğŸ˜­ğŸ˜­;0;user user user user user gatau diri bgt;['user', 'user', 'user', 'user', 'user', 'gatau', 'diri', 'bgt'];['user', 'user', 'user', 'user', 'user', 'gatau', 'diri', 'banget'];user user user user user gatau diri banget;user user user user user gatau diri banget
62;"@orchidpoison Eh pas scroll tokped ada Promo Nivea lagi bundle sama â€œSKIN Commaâ€ Turkish glove ğŸ˜

Tetep penasaran kâ€¦ https://t.co/yS2HdyS2eq";0;user eh pas scroll tokped ada promo nivea lagi bundle sama skin comma turkish glove tetep penasaran coys2hdys2eq;['user', 'eh', 'pas', 'scroll', 'tokped', 'ada', 'promo', 'nivea', 'lagi', 'bundle', 'sama', 'skin', 'comma', 'turkish', 'glove', 'tetep', 'penasaran', 'coys2hdys2eq'];['user', 'eh', 'cocok', 'scroll', 'tokped', 'ada', 'promo', 'nivea', 'lagi', 'bundle', 'sama', 'skin', 'comma', 'turkish', 'glove', 'tetap', 'penasaran', 'coys2hdys2eq'];user eh cocok scroll tokped ada promo nivea lagi bundle sama skin comma turkish glove tetap penasaran coys2hdys2eq;user eh cocok scroll tokped promo nivea bundle sama skin comma turkish glove tetap penasaran coys2hdys2eq
63;@Askrlfess kemarin the sun skrg the moon, nanti apalagi? the saturnus is so beautiful?;1;user kemarin the sun skrg the moon nanti apalagi the saturnus is so beautiful;['user', 'kemarin', 'the', 'sun', 'skrg', 'the', 'moon', 'nanti', 'apalagi', 'the', 'saturnus', 'is', 'so', 'beautiful'];['user', 'kemarin', 'the', 'sun', 'sekarang', 'the', 'moon', 'nanti', 'apalagi', 'the', 'saturnus', 'is', 'so', 'beautiful'];user kemarin the sun sekarang the moon nanti apalagi the saturnus is so beautiful;user kemarin the sun sekarang the moon apalagi the saturnus is so beautiful
64;"RT @MuseumMACAN: â€œPressure and Pleasure"" â€” sebuah antologi kontemporer yang terinspirasi karya Agus Suwage.

Menghadirkan fiksi-fiksi terbaâ€¦";0;rt user pressure and pleasure sebuah antologi kontemporer yang terinspirasi karya agus suwage menghadirkan fiksi fiksi terba;['rt', 'user', 'pressure', 'and', 'pleasure', 'sebuah', 'antologi', 'kontemporer', 'yang', 'terinspirasi', 'karya', 'agus', 'suwage', 'menghadirkan', 'fiksi', 'fiksi', 'terba'];['rt', 'user', 'pressure', 'dan', 'pleasure', 'sebuah', 'antologi', 'kontemporer', 'yang', 'terinspirasi', 'karya', 'agus', 'suwage', 'menghadirkan', 'fiksi', 'fiksi', 'terba'];rt user pressure dan pleasure sebuah antologi kontemporer yang terinspirasi karya agus suwage menghadirkan fiksi fiksi terba;rt user pressure pleasure buah antologi kontemporer inspirasi karya agus suwage hadir fiksi fiksi terba
65;@convomf 57k buat beli es kacang ijo aja nder https://t.co/JJyzHUkVMo;0;user 5 7 buat beli es kacang ijo aja nder cojjyzhukvmo;['user', '5', '7', 'buat', 'beli', 'es', 'kacang', 'ijo', 'aja', 'nder', 'cojjyzhukvmo'];['user', '5', '7', 'buat', 'beli', 'es', 'kacang', 'ijo', 'saja', 'nder', 'cojjyzhukvmo'];user 5 7 buat beli es kacang ijo saja nder cojjyzhukvmo;user 5 7 buat beli es kacang ijo nder cojjyzhukvmo
66;"@littlestar01_ Belinya lewat @tokopedia soale ono potongan 20k

Bismillah dilirik @tokopedia ğŸ—¿ğŸ—¿ğŸ—¿";0;user belinya lewat user soale ono potongan 2 0 bismillah dilirik user;['user', 'belinya', 'lewat', 'user', 'soale', 'ono', 'potongan', '2', '0', 'bismillah', 'dilirik', 'user'];['user', 'belinya', 'lewat', 'user', 'karena', 'ono', 'potongan', '2', '0', 'bismillah', 'dilirik', 'user'];user belinya lewat user karena ono potongan 2 0 bismillah dilirik user;user beli lewat user ono potong 2 0 bismillah lirik user
67;"@idextratime Wkkw
https://t.co/03w5x8ndkR";0;user wkkw co03w5x8ndkr;['user', 'wkkw', 'co03w5x8ndkr'];['user', 'wkkw', 'co03w5x8ndkr'];user wkkw co03w5x8ndkr;user wkkw co03w5x8ndkr
68;"RT @AkalBuku: âœ… SEJARAH DUNIA UNTUK PEMBACA MUDA 

ğŸ›’ Harga: 99 ribu

â¡ï¸ ğ—£ğ—²ğ˜€ğ—®ğ—» ğ˜ƒğ—¶ğ—® ğ—°ğ—µğ—®ğ˜ ğ—ªğ—”: klik https://t.co/V0G5VGRyaz

â¡ï¸ ğ—£ğ—²ğ˜€ğ—®ğ—» ğ˜ƒğ—¶ğ—® ğ—ºğ—®ğ—¿ğ—¸ğ—²â€¦";0;rt user sejarah dunia untuk pembaca muda harga number ribu klik cov0g5vgryaz;['rt', 'user', 'sejarah', 'dunia', 'untuk', 'pembaca', 'muda', 'harga', 'number', 'ribu', 'klik', 'cov0g5vgryaz'];['rt', 'user', 'sejarah', 'dunia', 'untuk', 'pembaca', 'muda', 'harga', 'number', 'ribu', 'klik', 'cov0g5vgryaz'];rt user sejarah dunia untuk pembaca muda harga number ribu klik cov0g5vgryaz;rt user sejarah dunia baca muda harga number ribu klik cov0g5vgryaz
69;"Upcoming Merchandise Original JP
Eta nya Desember-Januari 2022/2023

Semuanya original jepang yaaa
Dijamin murah paâ€¦ https://t.co/BruYGwi9uz";1;upcoming merchandise original jp eta nya desember januari number number semuanya original jepang yaaa dijamin murah pa cobruygwi9uz;['upcoming', 'merchandise', 'original', 'jp', 'eta', 'nya', 'desember', 'januari', 'number', 'number', 'semuanya', 'original', 'jepang', 'yaaa', 'dijamin', 'murah', 'pa', 'cobruygwi9uz'];['upcoming', 'merchandise', 'original', 'jp', 'eta', 'nya', 'desember', 'januari', 'number', 'number', 'semuanya', 'original', 'jepang', 'yaaa', 'dijamin', 'murah', 'pak', 'cobruygwi9uz'];upcoming merchandise original jp eta nya desember januari number number semuanya original jepang yaaa dijamin murah pak cobruygwi9uz;upcoming merchandise original jp eta nya desember januari number number semua original jepang yaaa jamin murah pak cobruygwi9uz
70;"RT @jayparkgf9: ğŸŒ· rekomendasi sling bag wanita ğŸŒ·

1. https://t.co/a6zK56bKkp
2. https://t.co/fIAaQI04O1
3. https://t.co/vhsW91BMMN
4. httpsâ€¦";0;rt user rekomendasi sling bag wanita number coa6zk56bkkp number cofiaaqi04o1 number covhsw91bmmn number https;['rt', 'user', 'rekomendasi', 'sling', 'bag', 'wanita', 'number', 'coa6zk56bkkp', 'number', 'cofiaaqi04o1', 'number', 'covhsw91bmmn', 'number', 'https'];['rt', 'user', 'rekomendasi', 'sling', 'bag', 'wanita', 'number', 'coa6zk56bkkp', 'number', 'cofiaaqi04o1', 'number', 'covhsw91bmmn', 'number', 'https'];rt user rekomendasi sling bag wanita number coa6zk56bkkp number cofiaaqi04o1 number covhsw91bmmn number https;rt user rekomendasi sling bag wanita number coa6zk56bkkp number cofiaaqi04o1 number covhsw91bmmn number https
71;"RT @shopeeethings: Rekomendasi dompet dari aku part 2 (pemakaian pribadi)

2. https://t.co/p31I7iBgaj
ada 6 slot kartu, 1 slot di tengah biâ€¦";0;rt user rekomendasi dompet dari aku part number pemakaian pribadi number cop31i7ibgaj ada number slot kartu number slot di tengah bi;['rt', 'user', 'rekomendasi', 'dompet', 'dari', 'aku', 'part', 'number', 'pemakaian', 'pribadi', 'number', 'cop31i7ibgaj', 'ada', 'number', 'slot', 'kartu', 'number', 'slot', 'di', 'tengah', 'bi'];['rt', 'user', 'rekomendasi', 'dompet', 'dari', 'aku', 'part', 'number', 'pemakaian', 'pribadi', 'number', 'cop31i7ibgaj', 'ada', 'number', 'slot', 'kartu', 'number', 'slot', 'di', 'tengah', 'bi'];rt user rekomendasi dompet dari aku part number pemakaian pribadi number cop31i7ibgaj ada number slot kartu number slot di tengah bi;rt user rekomendasi dompet aku part number pakai pribadi number cop31i7ibgaj number slot kartu number slot tengah bi
72;"RT @akusayangdk: Hai MYğŸ‘‹ğŸ¼
Siapa nih yg cari aebong? Yuk bisa cek disini stoknya ready &amp; official ya buruan sebelum habis!
1 https://t.co/S9â€¦";1;rt user hai my siapa nih yg cari aebong yuk bisa cek disini stoknya ready official ya buruan sebelum habis number cos9;['rt', 'user', 'hai', 'my', 'siapa', 'nih', 'yg', 'cari', 'aebong', 'yuk', 'bisa', 'cek', 'disini', 'stoknya', 'ready', 'official', 'ya', 'buruan', 'sebelum', 'habis', 'number', 'cos9'];['rt', 'user', 'hai', 'my', 'siapa', 'ini', 'yang', 'cari', 'aebong', 'ayo', 'bisa', 'cek', 'disini', 'stoknya', 'ready', 'official', 'iya', 'buruan', 'sebelum', 'habis', 'number', 'cos9'];rt user hai my siapa ini yang cari aebong ayo bisa cek disini stoknya ready official iya buruan sebelum habis number cos9;rt user hai my siapa yang cari aebong ayo cek sini stok ready official iya buru habis number cos9
73;"Coba cek ini, deh: ""tunik import turun naik"" Rp200.000 di toko Arsystorre Tokopedia. Bisa bebas ongkir, lho.â€¦ https://t.co/FjZmS4vySk";0;coba cek ini deh tunik import turun naik rp200 number di toko arsystorre tokopedia bisa bebas ongkir lho cofjzms4vysk;['coba', 'cek', 'ini', 'deh', 'tunik', 'import', 'turun', 'naik', 'rp200', 'number', 'di', 'toko', 'arsystorre', 'tokopedia', 'bisa', 'bebas', 'ongkir', 'lho', 'cofjzms4vysk'];['coba', 'cek', 'ini', 'deh', 'tunik', 'import', 'turun', 'naik', 'rp200', 'number', 'di', 'toko', 'arsystorre', 'tokopedia', 'bisa', 'bebas', 'ongkir', 'lho', 'cofjzms4vysk'];coba cek ini deh tunik import turun naik rp200 number di toko arsystorre tokopedia bisa bebas ongkir lho cofjzms4vysk;coba cek deh tunik import turun naik rp200 number toko arsystorre tokopedia bebas ongkir lho cofjzms4vysk
74;"RT @jhooeef: Coba cek ini, deh: ""jaket jeans CD rajut import"" Rp190.000 di toko Arsystorre Tokopedia. Bisa bebas ongkir, lho.
https://t.co/â€¦";0;rt user coba cek ini deh jaket jeans cd rajut import rp190 number di toko arsystorre tokopedia bisa bebas ongkir lho co;['rt', 'user', 'coba', 'cek', 'ini', 'deh', 'jaket', 'jeans', 'cd', 'rajut', 'import', 'rp190', 'number', 'di', 'toko', 'arsystorre', 'tokopedia', 'bisa', 'bebas', 'ongkir', 'lho', 'co'];['rt', 'user', 'coba', 'cek', 'ini', 'deh', 'jaket', 'jeans', 'cd', 'rajut', 'import', 'rp190', 'number', 'di', 'toko', 'arsystorre', 'tokopedia', 'bisa', 'bebas', 'ongkir', 'lho', 'co'];rt user coba cek ini deh jaket jeans cd rajut import rp190 number di toko arsystorre tokopedia bisa bebas ongkir lho co;rt user coba cek deh jaket jeans cd rajut import rp190 number toko arsystorre tokopedia bebas ongkir lho co
75;"Coba cek ini, deh: ""jaket jeans CD rajut import"" Rp190.000 di toko Arsystorre Tokopedia. Bisa bebas ongkir, lho.â€¦ https://t.co/3ppG9UWaDu";0;coba cek ini deh jaket jeans cd rajut import rp190 number di toko arsystorre tokopedia bisa bebas ongkir lho co3ppg9uwadu;['coba', 'cek', 'ini', 'deh', 'jaket', 'jeans', 'cd', 'rajut', 'import', 'rp190', 'number', 'di', 'toko', 'arsystorre', 'tokopedia', 'bisa', 'bebas', 'ongkir', 'lho', 'co3ppg9uwadu'];['coba', 'cek', 'ini', 'deh', 'jaket', 'jeans', 'cd', 'rajut', 'import', 'rp190', 'number', 'di', 'toko', 'arsystorre', 'tokopedia', 'bisa', 'bebas', 'ongkir', 'lho', 'co3ppg9uwadu'];coba cek ini deh jaket jeans cd rajut import rp190 number di toko arsystorre tokopedia bisa bebas ongkir lho co3ppg9uwadu;coba cek deh jaket jeans cd rajut import rp190 number toko arsystorre tokopedia bebas ongkir lho co3ppg9uwadu
76;"WTS
Eksklusif Photobook BTS X TOKOPEDIA

LIMITED EDITION Karena Hanya Ada 200 Photobook.

Harga? (DM)

#WTSâ€¦ https://t.co/5C4rYyGDuR";-1;wts eksklusif photobook bts tokopedia limited edition karena hanya ada number photobook harga dm hashtag wts hashtag co5c4ryygdur;['wts', 'eksklusif', 'photobook', 'bts', 'tokopedia', 'limited', 'edition', 'karena', 'hanya', 'ada', 'number', 'photobook', 'harga', 'dm', 'hashtag', 'wts', 'hashtag', 'co5c4ryygdur'];['wts', 'eksklusif', 'photobook', 'bts', 'tokopedia', 'limited', 'edition', 'karena', 'hanya', 'ada', 'number', 'photobook', 'harga', 'dm', 'hashtag', 'wts', 'hashtag', 'co5c4ryygdur'];wts eksklusif photobook bts tokopedia limited edition karena hanya ada number photobook harga dm hashtag wts hashtag co5c4ryygdur;wts eksklusif photobook bts tokopedia limited edition hanya number photobook harga dm hashtag wts hashtag co5c4ryygdur
77;"Coba cek ini, deh: ""Blazer blanik carlo premium"" Rp189.000 di toko Arsystorre Tokopedia. Bisa bebas ongkir, lho.â€¦ https://t.co/88CxcVvwSr";0;coba cek ini deh blazer blanik carlo premium rp189 number di toko arsystorre tokopedia bisa bebas ongkir lho co88cxcvvwsr;['coba', 'cek', 'ini', 'deh', 'blazer', 'blanik', 'carlo', 'premium', 'rp189', 'number', 'di', 'toko', 'arsystorre', 'tokopedia', 'bisa', 'bebas', 'ongkir', 'lho', 'co88cxcvvwsr'];['coba', 'cek', 'ini', 'deh', 'blazer', 'blanik', 'carlo', 'premium', 'rp189', 'number', 'di', 'toko', 'arsystorre', 'tokopedia', 'bisa', 'bebas', 'ongkir', 'lho', 'co88cxcvvwsr'];coba cek ini deh blazer blanik carlo premium rp189 number di toko arsystorre tokopedia bisa bebas ongkir lho co88cxcvvwsr;coba cek deh blazer blanik carlo premium rp189 number toko arsystorre tokopedia bebas ongkir lho co88cxcvvwsr
78;"RT @zejayluv: Want to sale!
Wtt wtb wts bts ina
Wts bts x tokopedia
45k all
ğŸ“MEDAN
Bisa oren https://t.co/awQlNwbK3D";0;rt user want to sale wtt wtb wts bts ina wts bts tokopedia 4 5 all medan bisa oren coawqlnwbk3d;['rt', 'user', 'want', 'to', 'sale', 'wtt', 'wtb', 'wts', 'bts', 'ina', 'wts', 'bts', 'tokopedia', '4', '5', 'all', 'medan', 'bisa', 'oren', 'coawqlnwbk3d'];['rt', 'user', 'want', 'to', 'sale', 'wtt', 'wtb', 'wts', 'bts', 'ina', 'wts', 'bts', 'tokopedia', '4', '5', 'all', 'medan', 'bisa', 'oren', 'coawqlnwbk3d'];rt user want to sale wtt wtb wts bts ina wts bts tokopedia 4 5 all medan bisa oren coawqlnwbk3d;rt user want to sale wtt wtb wts bts ina wts bts tokopedia 4 5 all medan oren coawqlnwbk3d
79;"Coba cek ini, deh: ""atasan wanita circle"" Rp85.000 di toko Arsystorre Tokopedia. Bisa bebas ongkir, lho.â€¦ https://t.co/ChFCi7RpVy";0;coba cek ini deh atasan wanita circle rp85 number di toko arsystorre tokopedia bisa bebas ongkir lho cochfci7rpvy;['coba', 'cek', 'ini', 'deh', 'atasan', 'wanita', 'circle', 'rp85', 'number', 'di', 'toko', 'arsystorre', 'tokopedia', 'bisa', 'bebas', 'ongkir', 'lho', 'cochfci7rpvy'];['coba', 'cek', 'ini', 'deh', 'atasan', 'wanita', 'circle', 'rp85', 'number', 'di', 'toko', 'arsystorre', 'tokopedia', 'bisa', 'bebas', 'ongkir', 'lho', 'cochfci7rpvy'];coba cek ini deh atasan wanita circle rp85 number di toko arsystorre tokopedia bisa bebas ongkir lho cochfci7rpvy;coba cek deh atas wanita circle rp85 number toko arsystorre tokopedia bebas ongkir lho cochfci7rpvy
80;"Coba cek ini, deh: ""set rok c4nel import bangkok"" Rp250.000 di toko Arsystorre Tokopedia. Bisa bebas ongkir, lho.â€¦ https://t.co/7WVcXVHHDr";0;coba cek ini deh set rok c4nel import bangkok rp250 number di toko arsystorre tokopedia bisa bebas ongkir lho co7wvcxvhhdr;['coba', 'cek', 'ini', 'deh', 'set', 'rok', 'c4nel', 'import', 'bangkok', 'rp250', 'number', 'di', 'toko', 'arsystorre', 'tokopedia', 'bisa', 'bebas', 'ongkir', 'lho', 'co7wvcxvhhdr'];['coba', 'cek', 'ini', 'deh', 'set', 'rok', 'c4nel', 'import', 'bangkok', 'rp250', 'number', 'di', 'toko', 'arsystorre', 'tokopedia', 'bisa', 'bebas', 'ongkir', 'lho', 'co7wvcxvhhdr'];coba cek ini deh set rok c4nel import bangkok rp250 number di toko arsystorre tokopedia bisa bebas ongkir lho co7wvcxvhhdr;coba cek deh set rok c4nel import bangkok rp250 number toko arsystorre tokopedia bebas ongkir lho co7wvcxvhhdr
81;"RT @jayparkgf9: ğŸŒ· rekomendasi sling bag wanita ğŸŒ·

1. https://t.co/a6zK56bKkp
2. https://t.co/fIAaQI04O1
3. https://t.co/vhsW91BMMN
4. httpsâ€¦";0;rt user rekomendasi sling bag wanita number coa6zk56bkkp number cofiaaqi04o1 number covhsw91bmmn number https;['rt', 'user', 'rekomendasi', 'sling', 'bag', 'wanita', 'number', 'coa6zk56bkkp', 'number', 'cofiaaqi04o1', 'number', 'covhsw91bmmn', 'number', 'https'];['rt', 'user', 'rekomendasi', 'sling', 'bag', 'wanita', 'number', 'coa6zk56bkkp', 'number', 'cofiaaqi04o1', 'number', 'covhsw91bmmn', 'number', 'https'];rt user rekomendasi sling bag wanita number coa6zk56bkkp number cofiaaqi04o1 number covhsw91bmmn number https;rt user rekomendasi sling bag wanita number coa6zk56bkkp number cofiaaqi04o1 number covhsw91bmmn number https
82;"RT @brick_velvet: HELP RT Please â¤ï¸

âš ï¸ READY STOCK WISHTREND PRODUCTS âš ï¸

Deleted = Sold out.
Ini semua discounted price yaa, order pas adâ€¦";1;rt user help rt please ready stock wishtrend products deleted sold out ini semua discounted price yaa order pas ad;['rt', 'user', 'help', 'rt', 'please', 'ready', 'stock', 'wishtrend', 'products', 'deleted', 'sold', 'out', 'ini', 'semua', 'discounted', 'price', 'yaa', 'order', 'pas', 'ad'];['rt', 'user', 'help', 'rt', 'mohon', 'ready', 'stock', 'wishtrend', 'products', 'deleted', 'sold', 'out', 'ini', 'semua', 'discounted', 'price', 'iya', 'order', 'cocok', 'ada'];rt user help rt mohon ready stock wishtrend products deleted sold out ini semua discounted price iya order cocok ada;rt user help rt mohon ready stock wishtrend products deleted sold out semua discounted price iya order cocok
83;"@worksfess Wadoew rame, 
Boleh loh yang mau tanya-tanya buat mengetuk DM aku ğŸ˜Š

Btw, biar kerja makin lancar, moodâ€¦ https://t.co/juVv2GffkJ";0;user wadoew rame boleh loh yang mau tanya tanya buat mengetuk dm aku btw biar kerja makin lancar mood cojuvv2gffkj;['user', 'wadoew', 'rame', 'boleh', 'loh', 'yang', 'mau', 'tanya', 'tanya', 'buat', 'mengetuk', 'dm', 'aku', 'btw', 'biar', 'kerja', 'makin', 'lancar', 'mood', 'cojuvv2gffkj'];['user', 'wadoew', 'ramai', 'boleh', 'loh', 'yang', 'mau', 'tanya', 'tanya', 'buat', 'mengetuk', 'dm', 'aku', 'eh', 'biar', 'kerja', 'makin', 'lancar', 'mood', 'cojuvv2gffkj'];user wadoew ramai boleh loh yang mau tanya tanya buat mengetuk dm aku eh biar kerja makin lancar mood cojuvv2gffkj;user wadoew ramai loh mau tanya tanya buat ketuk dm aku eh biar kerja makin lancar mood cojuvv2gffkj
84;Hii Kak @hahahahaidar, untuk harga fisik kartu BNI TapCash tanpa saldo Rp 20.000,- dengan minimum pengisian saldo Râ€¦ https://t.co/SuL6W6b34p;0;hii kak user untuk harga fisik kartu bni tapcash tanpa saldo rp number dengan minimum pengisian saldo cosul6w6b34p;['hii', 'kak', 'user', 'untuk', 'harga', 'fisik', 'kartu', 'bni', 'tapcash', 'tanpa', 'saldo', 'rp', 'number', 'dengan', 'minimum', 'pengisian', 'saldo', 'cosul6w6b34p'];['hii', 'kak', 'user', 'untuk', 'harga', 'fisik', 'kartu', 'bni', 'tapcash', 'tanpa', 'saldo', 'rupiah', 'number', 'dengan', 'minimum', 'pengisian', 'saldo', 'cosul6w6b34p'];hii kak user untuk harga fisik kartu bni tapcash tanpa saldo rupiah number dengan minimum pengisian saldo cosul6w6b34p;hii kak user harga fisik kartu bni tapcash saldo rupiah number minimum isi saldo cosul6w6b34p
85;"""yang setia bakal kalah sama yang selalu ada""

PACARAN SAMA TOKOPEDIA AJA SONO 'SELALU ADA SELALU BISA'ğŸ˜­ğŸ˜­ğŸ˜­";0;yang setia bakal kalah sama yang selalu ada pacaran sama tokopedia aja sono selalu ada selalu bisa;['yang', 'setia', 'bakal', 'kalah', 'sama', 'yang', 'selalu', 'ada', 'pacaran', 'sama', 'tokopedia', 'aja', 'sono', 'selalu', 'ada', 'selalu', 'bisa'];['yang', 'setia', 'bakal', 'kalah', 'sama', 'yang', 'selalu', 'ada', 'pacaran', 'sama', 'tokopedia', 'saja', 'sono', 'selalu', 'ada', 'selalu', 'bisa'];yang setia bakal kalah sama yang selalu ada pacaran sama tokopedia saja sono selalu ada selalu bisa;setia bakal kalah sama selalu pacar sama tokopedia sono selalu selalu
86;"RT @beautybypolaris: âœ¨PIXY MAKE IT GLOW SKIN PRIMERâœ¨

Kalian suka dewy/glow make up look? Kebetulan aku mau bahas primer yg cocok untuk makâ€¦";0;rt user pixy make it glow skin primer kalian suka dewy glow make up look kebetulan aku mau bahas primer yg cocok untuk mak;['rt', 'user', 'pixy', 'make', 'it', 'glow', 'skin', 'primer', 'kalian', 'suka', 'dewy', 'glow', 'make', 'up', 'look', 'kebetulan', 'aku', 'mau', 'bahas', 'primer', 'yg', 'cocok', 'untuk', 'mak'];['rt', 'user', 'pixy', 'make', 'it', 'glow', 'skin', 'primer', 'kalian', 'suka', 'dewy', 'glow', 'make', 'up', 'look', 'kebetulan', 'aku', 'mau', 'bahas', 'primer', 'yang', 'cocok', 'untuk', 'mak'];rt user pixy make it glow skin primer kalian suka dewy glow make up look kebetulan aku mau bahas primer yang cocok untuk mak;rt user pixy make it glow skin primer kalian suka dewy glow make up look betul aku mau bahas primer cocok mak
87;"RT @pediaproduct_: Kumpulan product parfume awet wangi dan tahan lama ğŸ”¥

Local brand ğŸ‡®ğŸ‡©
Link Tokopedia â˜‘ï¸ https://t.co/Xvd2OcWjFN";0;rt user kumpulan product parfume awet wangi dan tahan lama local brand link tokopedia coxvd2ocwjfn;['rt', 'user', 'kumpulan', 'product', 'parfume', 'awet', 'wangi', 'dan', 'tahan', 'lama', 'local', 'brand', 'link', 'tokopedia', 'coxvd2ocwjfn'];['rt', 'user', 'kumpulan', 'product', 'parfume', 'awet', 'wangi', 'dan', 'tahan', 'lama', 'local', 'brand', 'link', 'tokopedia', 'coxvd2ocwjfn'];rt user kumpulan product parfume awet wangi dan tahan lama local brand link tokopedia coxvd2ocwjfn;rt user kumpul product parfume awet wangi tahan lama local brand link tokopedia coxvd2ocwjfn
88;"RT @jayparkgf9: ğŸŒ· rekomendasi sling bag wanita ğŸŒ·

1. https://t.co/a6zK56bKkp
2. https://t.co/fIAaQI04O1
3. https://t.co/vhsW91BMMN
4. httpsâ€¦";0;rt user rekomendasi sling bag wanita number coa6zk56bkkp number cofiaaqi04o1 number covhsw91bmmn number https;['rt', 'user', 'rekomendasi', 'sling', 'bag', 'wanita', 'number', 'coa6zk56bkkp', 'number', 'cofiaaqi04o1', 'number', 'covhsw91bmmn', 'number', 'https'];['rt', 'user', 'rekomendasi', 'sling', 'bag', 'wanita', 'number', 'coa6zk56bkkp', 'number', 'cofiaaqi04o1', 'number', 'covhsw91bmmn', 'number', 'https'];rt user rekomendasi sling bag wanita number coa6zk56bkkp number cofiaaqi04o1 number covhsw91bmmn number https;rt user rekomendasi sling bag wanita number coa6zk56bkkp number cofiaaqi04o1 number covhsw91bmmn number https
89;Gelas lucu buat minum2 sama bestie https://t.co/PPSwNRZN5U https://t.co/uA1rXeh8bu;0;gelas lucu buat minum2 sama bestie coppswnrzn5u coua1rxeh8bu;['gelas', 'lucu', 'buat', 'minum2', 'sama', 'bestie', 'coppswnrzn5u', 'coua1rxeh8bu'];['gelas', 'lucu', 'buat', 'minum2', 'sama', 'bestie', 'coppswnrzn5u', 'coua1rxeh8bu'];gelas lucu buat minum2 sama bestie coppswnrzn5u coua1rxeh8bu;gelas lucu buat minum2 sama bestie coppswnrzn5u coua1rxeh8bu
90;Hi Kak @hahahahaidar, untuk harga fisik kartu BNI TapCash tanpa saldo Rp 20.000,- dengan minimum pengisian saldo Rpâ€¦ https://t.co/NTEWOAeoNe;0;hi kak user untuk harga fisik kartu bni tapcash tanpa saldo rp number dengan minimum pengisian saldo rp contewoaeone;['hi', 'kak', 'user', 'untuk', 'harga', 'fisik', 'kartu', 'bni', 'tapcash', 'tanpa', 'saldo', 'rp', 'number', 'dengan', 'minimum', 'pengisian', 'saldo', 'rp', 'contewoaeone'];['hi', 'kak', 'user', 'untuk', 'harga', 'fisik', 'kartu', 'bni', 'tapcash', 'tanpa', 'saldo', 'rupiah', 'number', 'dengan', 'minimum', 'pengisian', 'saldo', 'rupiah', 'contewoaeone'];hi kak user untuk harga fisik kartu bni tapcash tanpa saldo rupiah number dengan minimum pengisian saldo rupiah contewoaeone;hi kak user harga fisik kartu bni tapcash saldo rupiah number minimum isi saldo rupiah contewoaeone
91;"RT @akusayangdk: Hai MYğŸ‘‹ğŸ¼
Siapa nih yg cari aebong? Yuk bisa cek disini stoknya ready &amp; official ya buruan sebelum habis!
1 https://t.co/S9â€¦";1;rt user hai my siapa nih yg cari aebong yuk bisa cek disini stoknya ready official ya buruan sebelum habis number cos9;['rt', 'user', 'hai', 'my', 'siapa', 'nih', 'yg', 'cari', 'aebong', 'yuk', 'bisa', 'cek', 'disini', 'stoknya', 'ready', 'official', 'ya', 'buruan', 'sebelum', 'habis', 'number', 'cos9'];['rt', 'user', 'hai', 'my', 'siapa', 'ini', 'yang', 'cari', 'aebong', 'ayo', 'bisa', 'cek', 'disini', 'stoknya', 'ready', 'official', 'iya', 'buruan', 'sebelum', 'habis', 'number', 'cos9'];rt user hai my siapa ini yang cari aebong ayo bisa cek disini stoknya ready official iya buruan sebelum habis number cos9;rt user hai my siapa yang cari aebong ayo cek sini stok ready official iya buru habis number cos9
92;"@agnestaruli_ 1 hari ajaa wkwkwk 
https://t.co/8SaZksc1YB";0;user number hari ajaa wkwkwk co8sazksc1yb;['user', 'number', 'hari', 'ajaa', 'wkwkwk', 'co8sazksc1yb'];['user', 'number', 'hari', 'ajaa', 'wkwkwk', 'co8sazksc1yb'];user number hari ajaa wkwkwk co8sazksc1yb;user number hari ajaa wkwkwk co8sazksc1yb
93;"RT @kedaiboekoe: Utas buku nonfiksi (umum) yang tersedia di Kedai. Akan diperbaharui secara berkala.

Pemesanan:
WhatsApp: https://t.co/5Mpâ€¦";0;rt user utas buku nonfiksi umum yang tersedia di kedai akan diperbaharui secara berkala pemesanan whatsapp co5mp;['rt', 'user', 'utas', 'buku', 'nonfiksi', 'umum', 'yang', 'tersedia', 'di', 'kedai', 'akan', 'diperbaharui', 'secara', 'berkala', 'pemesanan', 'whatsapp', 'co5mp'];['rt', 'user', 'utas', 'buku', 'nonfiksi', 'umum', 'yang', 'tersedia', 'di', 'kedai', 'akan', 'diperbaharui', 'secara', 'berkala', 'pemesanan', 'whatsapp', 'co5mp'];rt user utas buku nonfiksi umum yang tersedia di kedai akan diperbaharui secara berkala pemesanan whatsapp co5mp;rt user utas buku nonfiksi umum sedia kedai baharu kala mesan whatsapp co5mp
94;"RT @jayparkgf9: ğŸŒ· rekomendasi sling bag wanita ğŸŒ·

1. https://t.co/a6zK56bKkp
2. https://t.co/fIAaQI04O1
3. https://t.co/vhsW91BMMN
4. httpsâ€¦";0;rt user rekomendasi sling bag wanita number coa6zk56bkkp number cofiaaqi04o1 number covhsw91bmmn number https;['rt', 'user', 'rekomendasi', 'sling', 'bag', 'wanita', 'number', 'coa6zk56bkkp', 'number', 'cofiaaqi04o1', 'number', 'covhsw91bmmn', 'number', 'https'];['rt', 'user', 'rekomendasi', 'sling', 'bag', 'wanita', 'number', 'coa6zk56bkkp', 'number', 'cofiaaqi04o1', 'number', 'covhsw91bmmn', 'number', 'https'];rt user rekomendasi sling bag wanita number coa6zk56bkkp number cofiaaqi04o1 number covhsw91bmmn number https;rt user rekomendasi sling bag wanita number coa6zk56bkkp number cofiaaqi04o1 number covhsw91bmmn number https
95;"Halo @tokopedia @TokopediaCare , kenapa pesanan saya dibatalkan sepihak dengan alasan melanggar syarat &amp; ketentuan?â€¦ https://t.co/Hp0spqA16O";0;halo user user kenapa pesanan saya dibatalkan sepihak dengan alasan melanggar syarat ketentuan cohp0spqa16o;['halo', 'user', 'user', 'kenapa', 'pesanan', 'saya', 'dibatalkan', 'sepihak', 'dengan', 'alasan', 'melanggar', 'syarat', 'ketentuan', 'cohp0spqa16o'];['halo', 'user', 'user', 'kenapa', 'pesanan', 'saya', 'dibatalkan', 'sepihak', 'dengan', 'alasan', 'melanggar', 'syarat', 'ketentuan', 'cohp0spqa16o'];halo user user kenapa pesanan saya dibatalkan sepihak dengan alasan melanggar syarat ketentuan cohp0spqa16o;halo user user pesan batal pihak alas langgar syarat tentu cohp0spqa16o
96;"RT @akusayangdk: Hai MYğŸ‘‹ğŸ¼
Siapa nih yg cari aebong? Yuk bisa cek disini stoknya ready &amp; official ya buruan sebelum habis!
1 https://t.co/S9â€¦";1;rt user hai my siapa nih yg cari aebong yuk bisa cek disini stoknya ready official ya buruan sebelum habis number cos9;['rt', 'user', 'hai', 'my', 'siapa', 'nih', 'yg', 'cari', 'aebong', 'yuk', 'bisa', 'cek', 'disini', 'stoknya', 'ready', 'official', 'ya', 'buruan', 'sebelum', 'habis', 'number', 'cos9'];['rt', 'user', 'hai', 'my', 'siapa', 'ini', 'yang', 'cari', 'aebong', 'ayo', 'bisa', 'cek', 'disini', 'stoknya', 'ready', 'official', 'iya', 'buruan', 'sebelum', 'habis', 'number', 'cos9'];rt user hai my siapa ini yang cari aebong ayo bisa cek disini stoknya ready official iya buruan sebelum habis number cos9;rt user hai my siapa yang cari aebong ayo cek sini stok ready official iya buru habis number cos9
97;"RT @kedaiboekoe: Utas buku filsafat yang tersedia di Kedai. Akan diperbaharui secara berkala.

Pemesanan:
WhatsApp: https://t.co/5MpO5Yzeilâ€¦";0;rt user utas buku filsafat yang tersedia di kedai akan diperbaharui secara berkala pemesanan whatsapp co5mpo5yzeil;['rt', 'user', 'utas', 'buku', 'filsafat', 'yang', 'tersedia', 'di', 'kedai', 'akan', 'diperbaharui', 'secara', 'berkala', 'pemesanan', 'whatsapp', 'co5mpo5yzeil'];['rt', 'user', 'utas', 'buku', 'filsafat', 'yang', 'tersedia', 'di', 'kedai', 'akan', 'diperbaharui', 'secara', 'berkala', 'pemesanan', 'whatsapp', 'co5mpo5yzeil'];rt user utas buku filsafat yang tersedia di kedai akan diperbaharui secara berkala pemesanan whatsapp co5mpo5yzeil;rt user utas buku filsafat sedia kedai baharu kala mesan whatsapp co5mpo5yzeil
98;Buat adek keponakan atau anak sabi nih. https://t.co/lip9qu0Rzw https://t.co/VCVt2glFnH;0;buat adek keponakan atau anak sabi nih colip9qu0rzw covcvt2glfnh;['buat', 'adek', 'keponakan', 'atau', 'anak', 'sabi', 'nih', 'colip9qu0rzw', 'covcvt2glfnh'];['buat', 'adik', 'keponakan', 'atau', 'anak', 'sabi', 'ini', 'colip9qu0rzw', 'covcvt2glfnh'];buat adik keponakan atau anak sabi ini colip9qu0rzw covcvt2glfnh;buat adik keponakan anak sabi colip9qu0rzw covcvt2glfnh
99;"RT @kedaiboekoe: Utas buku-buku agama/keislaman yang tersedia di Kedai. Akan diperbaharui secara berkala.

Pemesanan:
WhatsApp: https://t.câ€¦";0;rt user utas buku buku agama keislaman yang tersedia di kedai akan diperbaharui secara berkala pemesanan whatsapp;['rt', 'user', 'utas', 'buku', 'buku', 'agama', 'keislaman', 'yang', 'tersedia', 'di', 'kedai', 'akan', 'diperbaharui', 'secara', 'berkala', 'pemesanan', 'whatsapp'];['rt', 'user', 'utas', 'buku', 'buku', 'agama', 'keislaman', 'yang', 'tersedia', 'di', 'kedai', 'akan', 'diperbaharui', 'secara', 'berkala', 'pemesanan', 'whatsapp'];rt user utas buku buku agama keislaman yang tersedia di kedai akan diperbaharui secara berkala pemesanan whatsapp;rt user utas buku buku agama islam sedia kedai baharu kala mesan whatsapp
